Gene,Error
Acod1,RetryError[<Future at 0x19d3dbf2450 state=finished raised HTTPError>]
Adgre1,RetryError[<Future at 0x19d3b036fc0 state=finished raised HTTPError>]
Bax,RetryError[<Future at 0x19d3db71a90 state=finished raised HTTPError>]
Ankrd17,RetryError[<Future at 0x19d3db71940 state=finished raised HTTPError>]
Apobec3,RetryError[<Future at 0x19d3dbf24b0 state=finished raised HTTPError>]
Cd274,RetryError[<Future at 0x19d3daafaa0 state=finished raised HTTPError>]
Ccr1,RetryError[<Future at 0x19d3dac7440 state=finished raised HTTPError>]
Cbl,RetryError[<Future at 0x19d3dac6ea0 state=finished raised HTTPError>]
Cdc42ep4,RetryError[<Future at 0x19d3db71b50 state=finished raised HTTPError>]
Ccrl2,RetryError[<Future at 0x19d3d969e50 state=finished raised HTTPError>]
Clec4a1,RetryError[<Future at 0x19d3dbf3a10 state=finished raised HTTPError>]
Cnp,RetryError[<Future at 0x19d3dbf18b0 state=finished raised HTTPError>]
Ctsh,RetryError[<Future at 0x19d3d968ad0 state=finished raised HTTPError>]
Dap,RetryError[<Future at 0x19d3d9e8140 state=finished raised HTTPError>]
Dtx3l,RetryError[<Future at 0x19d3d9ebf80 state=finished raised HTTPError>]
Fas,RetryError[<Future at 0x19d3daed010 state=finished raised HTTPError>]
Fcgr1,RetryError[<Future at 0x19d3d968b00 state=finished raised HTTPError>]
Gbp4,RetryError[<Future at 0x19d3db72750 state=finished raised HTTPError>]
Gbp2,RetryError[<Future at 0x19d3daec7a0 state=finished raised HTTPError>]
Fpr2,RetryError[<Future at 0x19d3dbf1c40 state=finished raised HTTPError>]
Gbp5,RetryError[<Future at 0x19d3db2e540 state=finished raised HTTPError>]
Gsdmd,RetryError[<Future at 0x19d3d96bb00 state=finished raised HTTPError>]
H2-Q4,RetryError[<Future at 0x19d3cb0f980 state=finished raised HTTPError>]
H2-T24,RetryError[<Future at 0x19d3dbb3bc0 state=finished raised HTTPError>]
H2-Q7,RetryError[<Future at 0x19d3db73260 state=finished raised HTTPError>]
Hck,RetryError[<Future at 0x19d3d96a540 state=finished raised HTTPError>]
Ifi205a,RetryError[<Future at 0x19d3d96a2d0 state=finished raised HTTPError>]
Ifi44,RetryError[<Future at 0x19d3db735f0 state=finished raised HTTPError>]
Ifi204,RetryError[<Future at 0x19d3db71280 state=finished raised HTTPError>]
Hmox1,RetryError[<Future at 0x19d3daae330 state=finished raised HTTPError>]
Ifit3b,RetryError[<Future at 0x19d3db70050 state=finished raised HTTPError>]
Ifitm2,RetryError[<Future at 0x19d3d9ea450 state=finished raised HTTPError>]
Igtp,RetryError[<Future at 0x19d3d97f170 state=finished raised HTTPError>]
Il1rn,RetryError[<Future at 0x19d3daef620 state=finished raised HTTPError>]
Il36g,RetryError[<Future at 0x19d3db739e0 state=finished raised HTTPError>]
Irak3,RetryError[<Future at 0x19d3daefcb0 state=finished raised HTTPError>]
Inip,RetryError[<Future at 0x19d3dbf1310 state=finished raised HTTPError>]
Itga5,RetryError[<Future at 0x19d3db2c9b0 state=finished raised HTTPError>]
Jak2,RetryError[<Future at 0x19d3db2ea50 state=finished raised HTTPError>]
Lilrb3,RetryError[<Future at 0x19d3dac5280 state=finished raised HTTPError>]
Lpin2,RetryError[<Future at 0x19d3dbf34d0 state=finished raised HTTPError>]
Lrch1,RetryError[<Future at 0x19d3db2cda0 state=finished raised HTTPError>]
Mark2,RetryError[<Future at 0x19d3db2d970 state=finished raised HTTPError>]
Mnda,RetryError[<Future at 0x19d3d9689e0 state=finished raised HTTPError>]
Mefv,RetryError[<Future at 0x19d3db2e210 state=finished raised HTTPError>]
Ms4a6b,RetryError[<Future at 0x19d3d9eb470 state=finished raised HTTPError>]
Mlh1,RetryError[<Future at 0x19d3db2c530 state=finished raised HTTPError>]
Ms4a7,RetryError[<Future at 0x19d3d9bdc70 state=finished raised HTTPError>]
Ndrg1,RetryError[<Future at 0x19d3daee330 state=finished raised HTTPError>]
Nrbp1,RetryError[<Future at 0x19d3d9bd430 state=finished raised HTTPError>]
Nos2,RetryError[<Future at 0x19d3dbb2660 state=finished raised HTTPError>]
Oasl1,RetryError[<Future at 0x19d3daad5b0 state=finished raised HTTPError>]
Oasl2,RetryError[<Future at 0x19d3dbb30e0 state=finished raised HTTPError>]
Plekhn1,RetryError[<Future at 0x19d3daee1e0 state=finished raised HTTPError>]
Prdx1,RetryError[<Future at 0x19d3daed010 state=finished raised HTTPError>]
Pml,RetryError[<Future at 0x19d3db8a330 state=finished raised HTTPError>]
Prex1,RetryError[<Future at 0x19d3db89d00 state=finished raised HTTPError>]
Prkdc,RetryError[<Future at 0x19d3db89d90 state=finished raised HTTPError>]
Rap2c,RetryError[<Future at 0x19d3db8bb90 state=finished raised HTTPError>]
Rassf4,RetryError[<Future at 0x19d3db1a540 state=finished raised HTTPError>]
Relb,RetryError[<Future at 0x19d3db88110 state=finished raised HTTPError>]
Rgl1,RetryError[<Future at 0x19d3db89910 state=finished raised HTTPError>]
Slc2a1,RetryError[<Future at 0x19d3db2c950 state=finished raised HTTPError>]
Slfn9,RetryError[<Future at 0x19d3db8b020 state=finished raised HTTPError>]
Slc30a1,RetryError[<Future at 0x19d3d9bdcd0 state=finished raised HTTPError>]
Stat3,RetryError[<Future at 0x19d3d9bc320 state=finished raised HTTPError>]
Sting1,RetryError[<Future at 0x19d3db1bc20 state=finished raised HTTPError>]
Themis2,RetryError[<Future at 0x19d3db89e80 state=finished raised HTTPError>]
Tnfrsf14,RetryError[<Future at 0x19d3db89ca0 state=finished raised HTTPError>]
Trim21,RetryError[<Future at 0x19d3db71280 state=finished raised HTTPError>]
Trim12a,RetryError[<Future at 0x19d3d9e99d0 state=finished raised HTTPError>]
Trim56,RetryError[<Future at 0x19d3dac7b60 state=finished raised HTTPError>]
