codon;wc
AAA	;13
AAC	;13
AAG	;25,5
AAT	;6,5
ACA	;6,25
ACC	;4,5
ACG	;6
ACT	;9
AGA	;5
AGC	;7
AGG	;7,5
AGT	;3,5
ATA	;6,75
ATC	;5,5
ATG	;8
ATT	;11
CAA	;6
CAC	;10
CAG	;13
CAT	;5
CCA	;8,5
CCC	;3
CCG	;6,5
CCT	;6
CGA	;6,5
CGC	;3
CGG	;5,5
CGT	;6
CTA	;4,25
CTC	;2,5
CTG	;11,5
CTT	;5
GAA	;8
GAC	;16
GAG	;15
GAT	;8
GCA	;14,25
GCC	;6,5
GCG	;14,5
GCT	;13
GGA	;7
GGC	;13
GGG	;9,5
GGT	;6,5
GTA	;4,75
GTC	;3,5
GTG	;11,5
GTT	;7
TAC	;10
TAT	;5
TCA	;5
TCC	;4
TCG	;4,5
TCT	;8
TGC	;54
TGG	;8
TGT	;27
TTA	;4
TTC	;7
TTG	;6
TTT;3,5